View Molecule Page	Protein Name	Family	SubType	Catalyzed Linkage	Species
gt_hum_428	Lactosylceramide 4-alpha-galactosyltransferase	Extension	Type 2	Gal(a4)Gal	Human (Homo sapiens)
gt_hum_428	Lactosylceramide 4-alpha-galactosyltransferase	Glycosphingolipid	Glucosylceramide-bas	Gal(a4)Gal	Human (Homo sapiens)
gt_hum_429	Beta-1,3-galactosyltransferase 1	Extension	Type 1	Gal(b3)GlcNAc	Human (Homo sapiens)
gt_hum_429	Beta-1,3-galactosyltransferase 1	Glycosphingolipid	Lacto(L)	Gal(b3)GlcNAc	Human (Homo sapiens)
gt_hum_429	Beta-1,3-galactosyltransferase 1	Glycosphingolipid	Lacto(L)	Gal(b3)GlcNAc	Human (Homo sapiens)
gt_hum_429	Beta-1,3-galactosyltransferase 1	Glycosphingolipid	Lacto(L)	Gal(b3)GlcNAc	Human (Homo sapiens)
gt_hum_430	Beta-1,3-galactosyltransferase 2	Glycosphingolipid	Lacto(L)	Gal(b3)GlcNAc	Human (Homo sapiens)
gt_hum_430	Beta-1,3-galactosyltransferase 2	Glycosphingolipid	Lacto(L)	Gal(b3)GlcNAc	Human (Homo sapiens)
gt_hum_430	Beta-1,3-galactosyltransferase 2	Glycosphingolipid	Lacto(L)	Gal(b3)GlcNAc	Human (Homo sapiens)
gt_hum_430	Beta-1,3-galactosyltransferase 2	Extension	Type 1	Gal(b3)GlcNAc	Human (Homo sapiens)
gt_hum_431	Beta-1,3-galactosyltransferase 4	Glycosphingolipid	Ganglio	Gal(b3)GalNAc	Human (Homo sapiens)
gt_hum_432	Beta-1,3-galactosyltransferase 5	Glycosphingolipid	Neolacto(NL)[Type 2]	Gal(b3)GalNAc	Human (Homo sapiens)
gt_hum_432	Beta-1,3-galactosyltransferase 5	Glycosphingolipid	Lacto(L)	Gal(b3)GlcNAc	Human (Homo sapiens)
gt_hum_432	Beta-1,3-galactosyltransferase 5	Glycosphingolipid	Lacto(L)	Gal(b3)GlcNAc	Human (Homo sapiens)
gt_hum_432	Beta-1,3-galactosyltransferase 5	Extension	Type 1	Gal(b3)GlcNAc	Human (Homo sapiens)
gt_hum_432	Beta-1,3-galactosyltransferase 5	Glycosphingolipid	Lacto(L)	Gal(b3)GlcNAc	Human (Homo sapiens)
gt_hum_432	Beta-1,3-galactosyltransferase 5	Glycosphingolipid	Globo	Gal(b3)GalNAc	Human (Homo sapiens)
gt_hum_432	Beta-1,3-galactosyltransferase 5	Glycosphingolipid	Isoglobo	Gal(b3)GalNAc	Human (Homo sapiens)
gt_hum_436	Beta-1,4-galactosyltransferase 1	Glycosphingolipid	Ganglio	Gal(b4)GlcNAc	Human (Homo sapiens)
gt_hum_436	Beta-1,4-galactosyltransferase 1	Extension	Type 2	Gal(b4)GlcNAc	Human (Homo sapiens)
gt_hum_436	Beta-1,4-galactosyltransferase 1	Glycosphingolipid	Isoglobo	Gal(b4)GlcNAc	Human (Homo sapiens)
gt_hum_436	Beta-1,4-galactosyltransferase 1	Glycosphingolipid	Globo	Gal(b4)GlcNAc	Human (Homo sapiens)
gt_hum_436	Beta-1,4-galactosyltransferase 1	Glycosphingolipid	Lacto(L)	Gal(b4)GlcNAc	Human (Homo sapiens)
gt_hum_437	Beta-1,4-galactosyltransferase 2	Glycosphingolipid	Isoglobo	Gal(b4)GlcNAc	Human (Homo sapiens)
gt_hum_437	Beta-1,4-galactosyltransferase 2	Glycosphingolipid	Ganglio	Gal(b4)GlcNAc	Human (Homo sapiens)
gt_hum_437	Beta-1,4-galactosyltransferase 2	Glycosphingolipid	Globo	Gal(b4)GlcNAc	Human (Homo sapiens)
gt_hum_437	Beta-1,4-galactosyltransferase 2	Glycosphingolipid	Lacto(L)	Gal(b4)GlcNAc	Human (Homo sapiens)
gt_hum_437	Beta-1,4-galactosyltransferase 2	Extension	Type 2	Gal(b4)GlcNAc	Human (Homo sapiens)
gt_hum_438	Beta-1,4-galactosyltransferase 3	Extension	Type 2	Gal(b4)GlcNAc	Human (Homo sapiens)
gt_hum_438	Beta-1,4-galactosyltransferase 3	Glycosphingolipid	Lacto(L)	Gal(b4)GlcNAc	Human (Homo sapiens)
gt_hum_438	Beta-1,4-galactosyltransferase 3	Glycosphingolipid	Ganglio	Gal(b4)GlcNAc	Human (Homo sapiens)
gt_hum_438	Beta-1,4-galactosyltransferase 3	Glycosphingolipid	Isoglobo	Gal(b4)GlcNAc	Human (Homo sapiens)
gt_hum_438	Beta-1,4-galactosyltransferase 3	Glycosphingolipid	Globo	Gal(b4)GlcNAc	Human (Homo sapiens)
gt_hum_439	Beta-1,4-galactosyltransferase 4	Glycosphingolipid	Isoglobo	Gal(b4)GlcNAc	Human (Homo sapiens)
gt_hum_439	Beta-1,4-galactosyltransferase 4	Extension	Type 2	Gal(b4)GlcNAc	Human (Homo sapiens)
gt_hum_439	Beta-1,4-galactosyltransferase 4	Glycosphingolipid	Lacto(L)	Gal(b4)GlcNAc	Human (Homo sapiens)
gt_hum_439	Beta-1,4-galactosyltransferase 4	Glycosphingolipid	Globo	Gal(b4)GlcNAc	Human (Homo sapiens)
gt_hum_439	Beta-1,4-galactosyltransferase 4	Glycosphingolipid	Ganglio	Gal(b4)GlcNAc	Human (Homo sapiens)
gt_hum_440	Beta-1,4-galactosyltransferase 5	Glycosphingolipid	Glucosylceramide-bas	Gal(b4)Glc	Human (Homo sapiens)
gt_hum_441	Beta-1,4-galactosyltransferase 6	Glycosphingolipid	Glucosylceramide-bas	Gal(b4)Glc	Human (Homo sapiens)
gt_hum_447	Core1 UDP-galactose:N-acetylgalactosamine-alpha-R beta 1,3-galactosyltransferase	O-Linked	Core 2	Gal(b3)GalNAc	Human (Homo sapiens)
gt_hum_447	Core1 UDP-galactose:N-acetylgalactosamine-alpha-R beta 1,3-galactosyltransferase	O-Linked	Core 1/ Core 2	Gal(b3)GalNAc	Human (Homo sapiens)
gt_hum_447	Core1 UDP-galactose:N-acetylgalactosamine-alpha-R beta 1,3-galactosyltransferase	O-Linked	Core 1	Gal(b3)GalNAc	Human (Homo sapiens)
gt_hum_449	2-hydroxyacylsphingosine 1-beta-galactosyltransferase precursor(EC 2.4.1.45	Glycosphingolipid	Galactosylceramides	Gal(null1)Cer	Human (Homo sapiens)
gt_hum_450	Histo-blood group ABO system transferase	Extension	Type 2	Gal(a3)Gal	Human (Homo sapiens)
gt_hum_450	Histo-blood group ABO system transferase	O-Linked	Core 1/ Core 2	Gal(a3)Gal	Human (Homo sapiens)
gt_hum_450	Histo-blood group ABO system transferase	Glycosphingolipid	Ganglio	Gal(a3)Gal	Human (Homo sapiens)
gt_hum_450	Histo-blood group ABO system transferase	Glycosphingolipid	Lacto(L)	Gal(a3)Gal	Human (Homo sapiens)
gt_hum_450	Histo-blood group ABO system transferase	Glycosphingolipid	Globo	Gal(a3)Gal	Human (Homo sapiens)
gt_hum_450	Histo-blood group ABO system transferase	Glycosphingolipid	Globo	NeuAc(a8)NeuAc	Human (Homo sapiens)
gt_hum_450	Histo-blood group ABO system transferase	Extension	Type 1	Gal(a3)Gal	Human (Homo sapiens)
gt_hum_451	Beta-1,3-galactosyltransferase 3	Glycosphingolipid	Globo	GalNAc(b3)Gal	Human (Homo sapiens)
gt_hum_475	b4GalNAc-T3	Extension	LacDiNAc	GalNAc(b4)GlcNAc	Human (Homo sapiens)
gt_hum_476	b4GalNAcT4	Extension	LacDiNAc	GalNAc(b4)GlcNAc	Human (Homo sapiens)
gt_hum_479	Globoside alpha-1,3-N-acetylgalactosaminyltransferase 1	Glycosphingolipid	Globo	GalNAc(a3)Gal	Human (Homo sapiens)
gt_hum_480	Beta-1,4 N-acetylgalactosaminyltransferase 1	Glycosphingolipid	Glucosylceramide-bas	GalNAc(b4)Gal	Human (Homo sapiens)
gt_hum_482	Beta-1,4 N-acetylgalactosaminyltransferase 2	O-Linked	Core 1/ Core 2	GalNAc(b4)Gal	Human (Homo sapiens)
gt_hum_482	Beta-1,4 N-acetylgalactosaminyltransferase 2	Extension	Type 2	GalNAc(b4)Gal	Human (Homo sapiens)
gt_hum_483	Polypeptide N-acetylgalactosaminyltransferase 1	O-Linked	Core 2	GalNAc(a3)Ser / Thr	Human (Homo sapiens)
gt_hum_483	Polypeptide N-acetylgalactosaminyltransferase 1	O-Linked	Core 1/ Core 2	GalNAc(a3)Ser / Thr	Human (Homo sapiens)
gt_hum_483	Polypeptide N-acetylgalactosaminyltransferase 1	O-Linked	Core 4	GalNAc(a3)Ser / Thr	Human (Homo sapiens)
gt_hum_483	Polypeptide N-acetylgalactosaminyltransferase 1	O-Linked	Core 1	GalNAc(a3)Ser / Thr	Human (Homo sapiens)
gt_hum_483	Polypeptide N-acetylgalactosaminyltransferase 1	O-Linked	Core 3	GalNAc(a3)Ser / Thr	Human (Homo sapiens)
gt_hum_484	Polypeptide N-acetylgalactosaminyltransferase 2	O-Linked	Core 1	GalNAc(a3)Ser / Thr	Human (Homo sapiens)
gt_hum_484	Polypeptide N-acetylgalactosaminyltransferase 2	O-Linked	Core 1/ Core 2	GalNAc(a3)Ser / Thr	Human (Homo sapiens)
gt_hum_484	Polypeptide N-acetylgalactosaminyltransferase 2	O-Linked	Core 4	GalNAc(a3)Ser / Thr	Human (Homo sapiens)
gt_hum_484	Polypeptide N-acetylgalactosaminyltransferase 2	O-Linked	Core 3	GalNAc(a3)Ser / Thr	Human (Homo sapiens)
gt_hum_484	Polypeptide N-acetylgalactosaminyltransferase 2	O-Linked	Core 2	GalNAc(a3)Ser / Thr	Human (Homo sapiens)
gt_hum_485	Polypeptide N-acetylgalactosaminyltransferase 3	O-Linked	Core 4	GalNAc(a3)Ser / Thr	Human (Homo sapiens)
gt_hum_485	Polypeptide N-acetylgalactosaminyltransferase 3	O-Linked	Core 3	GalNAc(a3)Ser / Thr	Human (Homo sapiens)
gt_hum_485	Polypeptide N-acetylgalactosaminyltransferase 3	O-Linked	Core 1/ Core 2	GalNAc(a3)Ser / Thr	Human (Homo sapiens)
gt_hum_485	Polypeptide N-acetylgalactosaminyltransferase 3	O-Linked	Core 2	GalNAc(a3)Ser / Thr	Human (Homo sapiens)
gt_hum_485	Polypeptide N-acetylgalactosaminyltransferase 3	O-Linked	Core 1	GalNAc(a3)Ser / Thr	Human (Homo sapiens)
gt_hum_486	Polypeptide N-acetylgalactosaminyltransferase 4	O-Linked	Core 4	GalNAc(a3)Ser / Thr	Human (Homo sapiens)
gt_hum_486	Polypeptide N-acetylgalactosaminyltransferase 4	O-Linked	Core 3	GalNAc(a3)Ser / Thr	Human (Homo sapiens)
gt_hum_486	Polypeptide N-acetylgalactosaminyltransferase 4	O-Linked	Core 1/ Core 2	GalNAc(a3)Ser / Thr	Human (Homo sapiens)
gt_hum_486	Polypeptide N-acetylgalactosaminyltransferase 4	O-Linked	Core 2	GalNAc(a3)Ser / Thr	Human (Homo sapiens)
gt_hum_486	Polypeptide N-acetylgalactosaminyltransferase 4	O-Linked	Core 1	GalNAc(a3)Ser / Thr	Human (Homo sapiens)
gt_hum_487	Polypeptide N-acetylgalactosaminyltransferase 5	O-Linked	Core 1/ Core 2	GalNAc(a3)Ser / Thr	Human (Homo sapiens)
gt_hum_487	Polypeptide N-acetylgalactosaminyltransferase 5	O-Linked	Core 3	GalNAc(a3)Ser / Thr	Human (Homo sapiens)
gt_hum_487	Polypeptide N-acetylgalactosaminyltransferase 5	O-Linked	Core 2	GalNAc(a3)Ser / Thr	Human (Homo sapiens)
gt_hum_487	Polypeptide N-acetylgalactosaminyltransferase 5	O-Linked	Core 4	GalNAc(a3)Ser / Thr	Human (Homo sapiens)
gt_hum_487	Polypeptide N-acetylgalactosaminyltransferase 5	O-Linked	Core 1	GalNAc(a3)Ser / Thr	Human (Homo sapiens)
gt_hum_488	Polypeptide N-acetylgalactosaminyltransferase 6	O-Linked	Core 1	GalNAc(a3)Ser / Thr	Human (Homo sapiens)
gt_hum_488	Polypeptide N-acetylgalactosaminyltransferase 6	O-Linked	Core 2	GalNAc(a3)Ser / Thr	Human (Homo sapiens)
gt_hum_488	Polypeptide N-acetylgalactosaminyltransferase 6	O-Linked	Core 3	GalNAc(a3)Ser / Thr	Human (Homo sapiens)
gt_hum_488	Polypeptide N-acetylgalactosaminyltransferase 6	O-Linked	Core 4	GalNAc(a3)Ser / Thr	Human (Homo sapiens)
gt_hum_488	Polypeptide N-acetylgalactosaminyltransferase 6	O-Linked	Core 1/ Core 2	GalNAc(a3)Ser / Thr	Human (Homo sapiens)
gt_hum_489	N-acetylgalactosaminyltransferase 7	O-Linked	Core 4	GalNAc(a3)Ser / Thr	Human (Homo sapiens)
gt_hum_489	N-acetylgalactosaminyltransferase 7	O-Linked	Core 2	GalNAc(a3)Ser / Thr	Human (Homo sapiens)
gt_hum_489	N-acetylgalactosaminyltransferase 7	O-Linked	Core 1/ Core 2	GalNAc(a3)Ser / Thr	Human (Homo sapiens)
gt_hum_489	N-acetylgalactosaminyltransferase 7	O-Linked	Core 1	GalNAc(a3)Ser / Thr	Human (Homo sapiens)
gt_hum_489	N-acetylgalactosaminyltransferase 7	O-Linked	Core 3	GalNAc(a3)Ser / Thr	Human (Homo sapiens)
gt_hum_490	Probable polypeptide N-acetylgalactosaminyltransferase 8	O-Linked	Core 2	GalNAc(a3)Ser / Thr	Human (Homo sapiens)
gt_hum_490	Probable polypeptide N-acetylgalactosaminyltransferase 8	O-Linked	Core 1/ Core 2	GalNAc(a3)Ser / Thr	Human (Homo sapiens)
gt_hum_490	Probable polypeptide N-acetylgalactosaminyltransferase 8	O-Linked	Core 1	GalNAc(a3)Ser / Thr	Human (Homo sapiens)
gt_hum_490	Probable polypeptide N-acetylgalactosaminyltransferase 8	O-Linked	Core 4	GalNAc(a3)Ser / Thr	Human (Homo sapiens)
gt_hum_490	Probable polypeptide N-acetylgalactosaminyltransferase 8	O-Linked	Core 3	GalNAc(a3)Ser / Thr	Human (Homo sapiens)
gt_hum_491	Polypeptide N-acetylgalactosaminyltransferase 9	O-Linked	Core 1/ Core 2	GalNAc(a3)Ser / Thr	Human (Homo sapiens)
gt_hum_491	Polypeptide N-acetylgalactosaminyltransferase 9	O-Linked	Core 2	GalNAc(a3)Ser / Thr	Human (Homo sapiens)
gt_hum_491	Polypeptide N-acetylgalactosaminyltransferase 9	O-Linked	Core 3	GalNAc(a3)Ser / Thr	Human (Homo sapiens)
gt_hum_491	Polypeptide N-acetylgalactosaminyltransferase 9	O-Linked	Core 1	GalNAc(a3)Ser / Thr	Human (Homo sapiens)
gt_hum_491	Polypeptide N-acetylgalactosaminyltransferase 9	O-Linked	Core 4	GalNAc(a3)Ser / Thr	Human (Homo sapiens)
gt_hum_492	Polypeptide N-acetylgalactosaminyltransferase 10	O-Linked	Core 4	GalNAc(a3)Ser / Thr	Human (Homo sapiens)
gt_hum_492	Polypeptide N-acetylgalactosaminyltransferase 10	O-Linked	Core 1	GalNAc(a3)Ser / Thr	Human (Homo sapiens)
gt_hum_492	Polypeptide N-acetylgalactosaminyltransferase 10	O-Linked	Core 1/ Core 2	GalNAc(a3)Ser / Thr	Human (Homo sapiens)
gt_hum_492	Polypeptide N-acetylgalactosaminyltransferase 10	O-Linked	Core 3	GalNAc(a3)Ser / Thr	Human (Homo sapiens)
gt_hum_492	Polypeptide N-acetylgalactosaminyltransferase 10	O-Linked	Core 2	GalNAc(a3)Ser / Thr	Human (Homo sapiens)
gt_hum_493	Polypeptide N-acetylgalactosaminyltransferase 10	O-Linked	Core 2	GalNAc(a3)Ser / Thr	Human (Homo sapiens)
gt_hum_493	Polypeptide N-acetylgalactosaminyltransferase 10	O-Linked	Core 3	GalNAc(a3)Ser / Thr	Human (Homo sapiens)
gt_hum_493	Polypeptide N-acetylgalactosaminyltransferase 10	O-Linked	Core 4	GalNAc(a3)Ser / Thr	Human (Homo sapiens)
gt_hum_493	Polypeptide N-acetylgalactosaminyltransferase 10	O-Linked	Core 1	GalNAc(a3)Ser / Thr	Human (Homo sapiens)
gt_hum_493	Polypeptide N-acetylgalactosaminyltransferase 10	O-Linked	Core 1/ Core 2	GalNAc(a3)Ser / Thr	Human (Homo sapiens)
gt_hum_494	Polypeptide N-acetylgalactosaminyltransferase 11	O-Linked	Core 3	GalNAc(a3)Ser / Thr	Human (Homo sapiens)
gt_hum_494	Polypeptide N-acetylgalactosaminyltransferase 11	O-Linked	Core 2	GalNAc(a3)Ser / Thr	Human (Homo sapiens)
gt_hum_494	Polypeptide N-acetylgalactosaminyltransferase 11	O-Linked	Core 1	GalNAc(a3)Ser / Thr	Human (Homo sapiens)
gt_hum_494	Polypeptide N-acetylgalactosaminyltransferase 11	O-Linked	Core 1/ Core 2	GalNAc(a3)Ser / Thr	Human (Homo sapiens)
gt_hum_494	Polypeptide N-acetylgalactosaminyltransferase 11	O-Linked	Core 4	GalNAc(a3)Ser / Thr	Human (Homo sapiens)
gt_hum_495	Polypeptide N-acetylgalactosaminyltransferase 12	O-Linked	Core 2	GalNAc(a3)Ser / Thr	Human (Homo sapiens)
gt_hum_495	Polypeptide N-acetylgalactosaminyltransferase 12	O-Linked	Core 3	GalNAc(a3)Ser / Thr	Human (Homo sapiens)
gt_hum_495	Polypeptide N-acetylgalactosaminyltransferase 12	O-Linked	Core 1/ Core 2	GalNAc(a3)Ser / Thr	Human (Homo sapiens)
gt_hum_495	Polypeptide N-acetylgalactosaminyltransferase 12	O-Linked	Core 4	GalNAc(a3)Ser / Thr	Human (Homo sapiens)
gt_hum_495	Polypeptide N-acetylgalactosaminyltransferase 12	O-Linked	Core 1	GalNAc(a3)Ser / Thr	Human (Homo sapiens)
gt_hum_496	Polypeptide N-acetylgalactosaminyltransferase 13	O-Linked	Core 2	GalNAc(a3)Ser / Thr	Human (Homo sapiens)
gt_hum_496	Polypeptide N-acetylgalactosaminyltransferase 13	O-Linked	Core 1	GalNAc(a3)Ser / Thr	Human (Homo sapiens)
gt_hum_496	Polypeptide N-acetylgalactosaminyltransferase 13	O-Linked	Core 4	GalNAc(a3)Ser / Thr	Human (Homo sapiens)
gt_hum_496	Polypeptide N-acetylgalactosaminyltransferase 13	O-Linked	Core 1/ Core 2	GalNAc(a3)Ser / Thr	Human (Homo sapiens)
gt_hum_496	Polypeptide N-acetylgalactosaminyltransferase 13	O-Linked	Core 3	GalNAc(a3)Ser / Thr	Human (Homo sapiens)
gt_hum_497	Polypeptide N-acetylgalactosaminyltransferase 14	O-Linked	Core 1/ Core 2	GalNAc(a3)Ser / Thr	Human (Homo sapiens)
gt_hum_497	Polypeptide N-acetylgalactosaminyltransferase 14	O-Linked	Core 3	GalNAc(a3)Ser / Thr	Human (Homo sapiens)
gt_hum_497	Polypeptide N-acetylgalactosaminyltransferase 14	O-Linked	Core 4	GalNAc(a3)Ser / Thr	Human (Homo sapiens)
gt_hum_497	Polypeptide N-acetylgalactosaminyltransferase 14	O-Linked	Core 1	GalNAc(a3)Ser / Thr	Human (Homo sapiens)
gt_hum_497	Polypeptide N-acetylgalactosaminyltransferase 14	O-Linked	Core 2	GalNAc(a3)Ser / Thr	Human (Homo sapiens)
gt_hum_498	Putative polypeptide N-acetylgalactosaminyltransferase-like protein 5	O-Linked	Core 1	GalNAc(a3)Ser / Thr	Human (Homo sapiens)
gt_hum_498	Putative polypeptide N-acetylgalactosaminyltransferase-like protein 5	O-Linked	Core 1/ Core 2	GalNAc(a3)Ser / Thr	Human (Homo sapiens)
gt_hum_498	Putative polypeptide N-acetylgalactosaminyltransferase-like protein 5	O-Linked	Core 3	GalNAc(a3)Ser / Thr	Human (Homo sapiens)
gt_hum_498	Putative polypeptide N-acetylgalactosaminyltransferase-like protein 5	O-Linked	Core 4	GalNAc(a3)Ser / Thr	Human (Homo sapiens)
gt_hum_498	Putative polypeptide N-acetylgalactosaminyltransferase-like protein 5	O-Linked	Core 2	GalNAc(a3)Ser / Thr	Human (Homo sapiens)
gt_hum_499	Putative polypeptide N-acetylgalactosaminyltransferase-like protein 1	O-Linked	Core 2	GalNAc(a3)Ser / Thr	Human (Homo sapiens)
gt_hum_499	Putative polypeptide N-acetylgalactosaminyltransferase-like protein 1	O-Linked	Core 1	GalNAc(a3)Ser / Thr	Human (Homo sapiens)
gt_hum_499	Putative polypeptide N-acetylgalactosaminyltransferase-like protein 1	O-Linked	Core 3	GalNAc(a3)Ser / Thr	Human (Homo sapiens)
gt_hum_499	Putative polypeptide N-acetylgalactosaminyltransferase-like protein 1	O-Linked	Core 4	GalNAc(a3)Ser / Thr	Human (Homo sapiens)
gt_hum_499	Putative polypeptide N-acetylgalactosaminyltransferase-like protein 1	O-Linked	Core 1/ Core 2	GalNAc(a3)Ser / Thr	Human (Homo sapiens)
gt_hum_500	Putative polypeptide N-acetylgalactosaminyltransferase-like protein 3	O-Linked	Core 2	GalNAc(a3)Ser / Thr	Human (Homo sapiens)
gt_hum_500	Putative polypeptide N-acetylgalactosaminyltransferase-like protein 3	O-Linked	Core 1/ Core 2	GalNAc(a3)Ser / Thr	Human (Homo sapiens)
gt_hum_500	Putative polypeptide N-acetylgalactosaminyltransferase-like protein 3	O-Linked	Core 3	GalNAc(a3)Ser / Thr	Human (Homo sapiens)
gt_hum_500	Putative polypeptide N-acetylgalactosaminyltransferase-like protein 3	O-Linked	Core 4	GalNAc(a3)Ser / Thr	Human (Homo sapiens)
gt_hum_500	Putative polypeptide N-acetylgalactosaminyltransferase-like protein 3	O-Linked	Core 1	GalNAc(a3)Ser / Thr	Human (Homo sapiens)
gt_hum_501	Polypeptide N-acetylgalactosaminyltransferase-like protein 2(EC 2.4.1.41	O-Linked	Core 1	GalNAc(a3)Ser / Thr	Human (Homo sapiens)
gt_hum_501	Polypeptide N-acetylgalactosaminyltransferase-like protein 2(EC 2.4.1.41	O-Linked	Core 1/ Core 2	GalNAc(a3)Ser / Thr	Human (Homo sapiens)
gt_hum_501	Polypeptide N-acetylgalactosaminyltransferase-like protein 2(EC 2.4.1.41	O-Linked	Core 3	GalNAc(a3)Ser / Thr	Human (Homo sapiens)
gt_hum_501	Polypeptide N-acetylgalactosaminyltransferase-like protein 2(EC 2.4.1.41	O-Linked	Core 4	GalNAc(a3)Ser / Thr	Human (Homo sapiens)
gt_hum_501	Polypeptide N-acetylgalactosaminyltransferase-like protein 2(EC 2.4.1.41	O-Linked	Core 2	GalNAc(a3)Ser / Thr	Human (Homo sapiens)
gt_hum_502	Histo-blood group ABO system transferase	Glycosphingolipid	Lacto(L)	GalNAc(a3)Gal	Human (Homo sapiens)
gt_hum_502	Histo-blood group ABO system transferase	Extension	Type 1	GalNAc(a3)Gal	Human (Homo sapiens)
gt_hum_502	Histo-blood group ABO system transferase	Glycosphingolipid	Globo	GalNAc(a3)Gal	Human (Homo sapiens)
gt_hum_502	Histo-blood group ABO system transferase	O-Linked	Core 1/ Core 2	GalNAc(a3)Gal	Human (Homo sapiens)
gt_hum_502	Histo-blood group ABO system transferase	Glycosphingolipid	Ganglio	GalNAc(a3)Gal	Human (Homo sapiens)
gt_hum_502	Histo-blood group ABO system transferase	Glycosphingolipid	Neolacto(NL)[Type 2]	GalNAc(a3)Gal	Human (Homo sapiens)
gt_hum_502	Histo-blood group ABO system transferase	Extension	Type 2	GalNAc(a3)Gal	Human (Homo sapiens)
gt_hum_502	Histo-blood group ABO system transferase	Glycosphingolipid	Lacto(L)	GalNAc(a3)Gal	Human (Homo sapiens)
gt_hum_502	Histo-blood group ABO system transferase	Glycosphingolipid	Neolacto(NL)[Type 2]	GalNAc(a3)Gal	Human (Homo sapiens)
gt_hum_532	Alpha-1,4-N-acetylglucosaminyltransferase	O-Linked	Core 1/ Core 2	GlcNAc(a4)Gal	Human (Homo sapiens)
gt_hum_533	Alpha-1,6-mannosylglycoprotein 6-beta-N-acetylglucosaminyltransferaseV	N-linked	Complex	GlcNAc(b6)Man	Human (Homo sapiens)
gt_hum_534	Alpha-1,6-mannosyl-glycoprotein 2-beta-N-acetylglucosaminyltransferase(EC 2.4.1.143	N-linked	Complex	GlcNAc(b2)Man	Human (Homo sapiens)
gt_hum_535	Alpha-1,3-mannosyl-glycoprotein 2-beta-N-acetylglucosaminyltransferase(EC 2.4.1.101	N-linked	Complex	GlcNAc(b2)Man	Human (Homo sapiens)
gt_hum_535	Alpha-1,3-mannosyl-glycoprotein 2-beta-N-acetylglucosaminyltransferase(EC 2.4.1.101	N-linked	Hybrid	GlcNAc(b2)Man	Human (Homo sapiens)
gt_hum_536	UDP-GlcNAc:betaGal beta-1,3-N-acetylglucosaminyltransferase 3(EC 2.4.1.-	Glycosphingolipid	Glucosylceramide-bas	GlcNAc(b3)Gal	Human (Homo sapiens)
gt_hum_536	UDP-GlcNAc:betaGal beta-1,3-N-acetylglucosaminyltransferase 3(EC 2.4.1.-	Glycosphingolipid	Isoglobo	GlcNAc(b3)Gal	Human (Homo sapiens)
gt_hum_536	UDP-GlcNAc:betaGal beta-1,3-N-acetylglucosaminyltransferase 3(EC 2.4.1.-	Extension	LacDiNAc	GlcNAc(b3)GalNAc	Human (Homo sapiens)
gt_hum_536	UDP-GlcNAc:betaGal beta-1,3-N-acetylglucosaminyltransferase 3(EC 2.4.1.-	O-Linked	Core 1/ Core 2	GlcNAc(b3)Gal	Human (Homo sapiens)
gt_hum_536	UDP-GlcNAc:betaGal beta-1,3-N-acetylglucosaminyltransferase 3(EC 2.4.1.-	Extension	Type 2	GlcNAc(b3)Gal	Human (Homo sapiens)
gt_hum_536	UDP-GlcNAc:betaGal beta-1,3-N-acetylglucosaminyltransferase 3(EC 2.4.1.-	Extension	Type 1	GlcNAc(b3)Gal	Human (Homo sapiens)
gt_hum_537	Beta-1,3-N-acetylglucosaminyltransferase bGnT-4.	Glycosphingolipid	Isoglobo	GlcNAc(b3)Gal	Human (Homo sapiens)
gt_hum_537	Beta-1,3-N-acetylglucosaminyltransferase bGnT-4.	Extension	Type 1	GlcNAc(b3)Gal	Human (Homo sapiens)
gt_hum_537	Beta-1,3-N-acetylglucosaminyltransferase bGnT-4.	Extension	Type 2	GlcNAc(b3)Gal	Human (Homo sapiens)
gt_hum_537	Beta-1,3-N-acetylglucosaminyltransferase bGnT-4.	Extension	LacDiNAc	GlcNAc(b3)GalNAc	Human (Homo sapiens)
gt_hum_537	Beta-1,3-N-acetylglucosaminyltransferase bGnT-4.	Glycosphingolipid	Glucosylceramide-bas	GlcNAc(b3)Gal	Human (Homo sapiens)
gt_hum_538	Beta1,3-N-acetylglucosaminyltransferase 5	Extension	Type 1	GlcNAc(b3)Gal	Human (Homo sapiens)
gt_hum_538	Beta1,3-N-acetylglucosaminyltransferase 5	Glycosphingolipid	Isoglobo	GlcNAc(b3)Gal	Human (Homo sapiens)
gt_hum_538	Beta1,3-N-acetylglucosaminyltransferase 5	Glycosphingolipid	Glucosylceramide-bas	GlcNAc(b3)Gal	Human (Homo sapiens)
gt_hum_538	Beta1,3-N-acetylglucosaminyltransferase 5	Extension	Type 2	GlcNAc(b3)Gal	Human (Homo sapiens)
gt_hum_538	Beta1,3-N-acetylglucosaminyltransferase 5	Extension	LacDiNAc	GlcNAc(b3)GalNAc	Human (Homo sapiens)
gt_hum_539	Beta-1,3-N-acetylglucosaminyltransferase 6	O-Linked	Core 3	GlcNAc(b3)GalNAc	Human (Homo sapiens)
gt_hum_540	Beta-1,4-mannosyl-glycoprotein 4-beta-N-acetylglucosaminyltransferase(EC 2.4.1.144	N-linked	Hybrid	GlcNAc(b4)Man	Human (Homo sapiens)
gt_hum_540	Beta-1,4-mannosyl-glycoprotein 4-beta-N-acetylglucosaminyltransferase(EC 2.4.1.144	N-linked	Complex	GlcNAc(b4)Man	Human (Homo sapiens)
gt_hum_541	Beta-1,3-galactosyl-O-glycosyl-glycoprotein beta-1,6-N-acetylglucosaminyltransferase	O-Linked	Core 2	GlcNAc(b6)GalNAc	Human (Homo sapiens)
gt_hum_542	Core 2 beta-1,6-N-acetylglucosaminyltransferase 3.	O-Linked	Core 2	GlcNAc(b6)GalNAc	Human (Homo sapiens)
gt_hum_544	Core 2/core 4 beta-1,6-N-acetylglucosaminyltransferase	Glycosphingolipid	Globo	GlcNAc(b6)GalNAc	Human (Homo sapiens)
gt_hum_544	Core 2/core 4 beta-1,6-N-acetylglucosaminyltransferase	Glycosphingolipid	Glucosylceramide-bas	GlcNAc(b6)Gal	Human (Homo sapiens)
gt_hum_544	Core 2/core 4 beta-1,6-N-acetylglucosaminyltransferase	O-Linked	Core 2	GlcNAc(b6)GalNAc	Human (Homo sapiens)
gt_hum_544	Core 2/core 4 beta-1,6-N-acetylglucosaminyltransferase	Extension	Type 2	GlcNAc(b6)Gal	Human (Homo sapiens)
gt_hum_545	Hypothetical protein MGAT4A	N-linked	Hybrid	GlcNAc(b4)Man	Human (Homo sapiens)
gt_hum_545	Hypothetical protein MGAT4A	N-linked	Complex	GlcNAc(b4)Man	Human (Homo sapiens)
gt_hum_546	MGAT4B protein	N-linked	Complex	GlcNAc(b4)Man	Human (Homo sapiens)
gt_hum_546	MGAT4B protein	N-linked	Hybrid	GlcNAc(b4)Man	Human (Homo sapiens)
gt_hum_547	N-acetyllactosaminide beta-1,3-N-acetylglucosaminyltransferase(EC 2.4.1.149	Glycosphingolipid	Glucosylceramide-bas	GlcNAc(b3)Gal	Human (Homo sapiens)
gt_hum_547	N-acetyllactosaminide beta-1,3-N-acetylglucosaminyltransferase(EC 2.4.1.149	Extension	LacDiNAc	GlcNAc(b3)GalNAc	Human (Homo sapiens)
gt_hum_547	N-acetyllactosaminide beta-1,3-N-acetylglucosaminyltransferase(EC 2.4.1.149	Extension	Type 2	GlcNAc(b3)Gal	Human (Homo sapiens)
gt_hum_547	N-acetyllactosaminide beta-1,3-N-acetylglucosaminyltransferase(EC 2.4.1.149	Glycosphingolipid	Isoglobo	GlcNAc(b3)Gal	Human (Homo sapiens)
gt_hum_547	N-acetyllactosaminide beta-1,3-N-acetylglucosaminyltransferase(EC 2.4.1.149	Extension	Type 1	GlcNAc(b3)Gal	Human (Homo sapiens)
gt_hum_548	N-acetyllactosaminide beta-1,6-N-acetylglucosaminyl-transferase(EC 2.4.1.150	Glycosphingolipid	Glucosylceramide-bas	GlcNAc(b6)Gal	Human (Homo sapiens)
gt_hum_548	N-acetyllactosaminide beta-1,6-N-acetylglucosaminyl-transferase(EC 2.4.1.150	Glycosphingolipid	Globo	GlcNAc(b6)GalNAc	Human (Homo sapiens)
gt_hum_548	N-acetyllactosaminide beta-1,6-N-acetylglucosaminyl-transferase(EC 2.4.1.150	Extension	Type 2	GlcNAc(b6)Gal	Human (Homo sapiens)
gt_hum_553	MGAT5B protein.	N-linked	Complex	GlcNAc(b6)Man	Human (Homo sapiens)
gt_hum_553	MGAT5B protein.	N-linked	Complex	GlcNAc(b6)Man	Human (Homo sapiens)
gt_hum_553	MGAT5B protein.	N-linked	Hybrid	GlcNAc(b6)Man	Human (Homo sapiens)
gt_hum_562	Beta 1,3-N-acetylglucosaminyltransferase 7	Glycosphingolipid	Isoglobo	GlcNAc(b3)Gal	Human (Homo sapiens)
gt_hum_562	Beta 1,3-N-acetylglucosaminyltransferase 7	Extension	Type 1	GlcNAc(b3)Gal	Human (Homo sapiens)
gt_hum_562	Beta 1,3-N-acetylglucosaminyltransferase 7	Glycosphingolipid	Glucosylceramide-bas	GlcNAc(b3)Gal	Human (Homo sapiens)
gt_hum_562	Beta 1,3-N-acetylglucosaminyltransferase 7	Extension	LacDiNAc	GlcNAc(b3)GalNAc	Human (Homo sapiens)
gt_hum_562	Beta 1,3-N-acetylglucosaminyltransferase 7	Extension	Type 2	GlcNAc(b3)Gal	Human (Homo sapiens)
gt_hum_598	Fucosyltransferase 1	Glycosphingolipid	Glucosylceramide-bas	Fuc(a2)Gal	Human (Homo sapiens)
gt_hum_598	Fucosyltransferase 1	Glycosphingolipid	Neolacto(NL)[Type 2]	Fuc(a2)Gal	Human (Homo sapiens)
gt_hum_598	Fucosyltransferase 1	Glycosphingolipid	Globo	Fuc(a2)Gal	Human (Homo sapiens)
gt_hum_598	Fucosyltransferase 1	Glycosphingolipid	Ganglio	Fuc(a2)Gal	Human (Homo sapiens)
gt_hum_598	Fucosyltransferase 1	Extension	Type 2	Fuc(a2)Gal	Human (Homo sapiens)
gt_hum_598	Fucosyltransferase 1	O-Linked	Core 1/ Core 2	Fuc(a2)Gal	Human (Homo sapiens)
gt_hum_598	Fucosyltransferase 1	Glycosphingolipid	Lacto(L)	Fuc(a2)Gal	Human (Homo sapiens)
gt_hum_598	Fucosyltransferase 1	Glycosphingolipid	Neolacto(NL)[Type 2]	Fuc(a2)Gal	Human (Homo sapiens)
gt_hum_598	Fucosyltransferase 1	Glycosphingolipid	Lacto(L)	Fuc(a2)Gal	Human (Homo sapiens)
gt_hum_598	Fucosyltransferase 1	Glycosphingolipid	Globo	Fuc(a2)Gal	Human (Homo sapiens)
gt_hum_598	Fucosyltransferase 1	Extension	Type 1	Fuc(a2)Gal	Human (Homo sapiens)
gt_hum_598	Fucosyltransferase 1	Glycosphingolipid	Neolacto(NL)[Type 2]	Fuc(a2)Gal	Human (Homo sapiens)
gt_hum_598	Fucosyltransferase 1	Glycosphingolipid	Lacto(L)	Fuc(a2)Gal	Human (Homo sapiens)
gt_hum_598	Fucosyltransferase 1	Glycosphingolipid	Isoglobo	Fuc(a2)Gal	Human (Homo sapiens)
gt_hum_598	Fucosyltransferase 1	Glycosphingolipid	Lacto(L)	Fuc(a2)Gal	Human (Homo sapiens)
gt_hum_598	Fucosyltransferase 1	Glycosphingolipid	Lacto(L)	Fuc(a2)Gal	Human (Homo sapiens)
gt_hum_599	Fucosyltransferase 2	Glycosphingolipid	Globo	Fuc(a2)Gal	Human (Homo sapiens)
gt_hum_599	Fucosyltransferase 2	Extension	Type 2	Fuc(a2)Gal	Human (Homo sapiens)
gt_hum_599	Fucosyltransferase 2	Glycosphingolipid	Lacto(L)	Fuc(a2)Gal	Human (Homo sapiens)
gt_hum_599	Fucosyltransferase 2	Glycosphingolipid	Lacto(L)	Fuc(a2)Gal	Human (Homo sapiens)
gt_hum_599	Fucosyltransferase 2	Extension	Type 1	Fuc(a2)Gal	Human (Homo sapiens)
gt_hum_599	Fucosyltransferase 2	Glycosphingolipid	Lacto(L)	Fuc(a2)Gal	Human (Homo sapiens)
gt_hum_599	Fucosyltransferase 2	Glycosphingolipid	Lacto(L)	Fuc(a2)Gal	Human (Homo sapiens)
gt_hum_599	Fucosyltransferase 2	Glycosphingolipid	Lacto(L)	Fuc(a2)Gal	Human (Homo sapiens)
gt_hum_599	Fucosyltransferase 2	O-Linked	Core 1/ Core 2	Fuc(a2)Gal	Human (Homo sapiens)
gt_hum_599	Fucosyltransferase 2	Glycosphingolipid	Globo	Fuc(a2)Gal	Human (Homo sapiens)
gt_hum_599	Fucosyltransferase 2	Glycosphingolipid	Isoglobo	Fuc(a2)Gal	Human (Homo sapiens)
gt_hum_599	Fucosyltransferase 2	Glycosphingolipid	Ganglio	Fuc(a2)Gal	Human (Homo sapiens)
gt_hum_599	Fucosyltransferase 2	Glycosphingolipid	Neolacto(NL)[Type 2]	Fuc(a2)Gal	Human (Homo sapiens)
gt_hum_599	Fucosyltransferase 2	Glycosphingolipid	Neolacto(NL)[Type 2]	Fuc(a2)Gal	Human (Homo sapiens)
gt_hum_599	Fucosyltransferase 2	Glycosphingolipid	Glucosylceramide-bas	Fuc(a2)Gal	Human (Homo sapiens)
gt_hum_599	Fucosyltransferase 2	Glycosphingolipid	Neolacto(NL)[Type 2]	Fuc(a2)Gal	Human (Homo sapiens)
gt_hum_600	Fucosyltransferase 3	Glycosphingolipid	Neolacto(NL)[Type 2]	Fuc(a3)GlcNAc	Human (Homo sapiens)
gt_hum_600	Fucosyltransferase 3	Extension	LacDiNAc	Fuc(a3)GlcNAc	Human (Homo sapiens)
gt_hum_600	Fucosyltransferase 3	Glycosphingolipid	Isoglobo	Fuc(a3)GlcNAc	Human (Homo sapiens)
gt_hum_600	Fucosyltransferase 3	Glycosphingolipid	Ganglio	Fuc(a3)GlcNAc	Human (Homo sapiens)
gt_hum_600	Fucosyltransferase 3	Glycosphingolipid	Globo	Fuc(a3)GlcNAc	Human (Homo sapiens)
gt_hum_600	Fucosyltransferase 3	Glycosphingolipid	Lacto(L)	Fuc(a3)GlcNAc	Human (Homo sapiens)
gt_hum_600	Fucosyltransferase 3	Glycosphingolipid	Neolacto(NL)[Type 2]	Fuc(a3)GlcNAc	Human (Homo sapiens)
gt_hum_600	Fucosyltransferase 3	Glycosphingolipid	Glucosylceramide-bas	Fuc(a3)GlcNAc	Human (Homo sapiens)
gt_hum_600	Fucosyltransferase 3	Extension	Type 1	Fuc(a4)GlcNAc	Human (Homo sapiens)
gt_hum_600	Fucosyltransferase 3	Glycosphingolipid	Lacto(L)	Fuc(a4)GlcNAc	Human (Homo sapiens)
gt_hum_600	Fucosyltransferase 3	Extension	Type 2	Fuc(a3)GlcNAc	Human (Homo sapiens)
gt_hum_601	Fucosyltransferase 4	Glycosphingolipid	Isoglobo	Fuc(a3)GlcNAc	Human (Homo sapiens)
gt_hum_601	Fucosyltransferase 4	Extension	Type 2	Fuc(a3)GlcNAc	Human (Homo sapiens)
gt_hum_601	Fucosyltransferase 4	Glycosphingolipid	Ganglio	Fuc(a3)GlcNAc	Human (Homo sapiens)
gt_hum_601	Fucosyltransferase 4	Glycosphingolipid	Glucosylceramide-bas	Fuc(a3)GlcNAc	Human (Homo sapiens)
gt_hum_601	Fucosyltransferase 4	Extension	LacDiNAc	Fuc(a3)GlcNAc	Human (Homo sapiens)
gt_hum_601	Fucosyltransferase 4	Glycosphingolipid	Globo	Fuc(a3)GlcNAc	Human (Homo sapiens)
gt_hum_601	Fucosyltransferase 4	Glycosphingolipid	Neolacto(NL)[Type 2]	Fuc(a3)GlcNAc	Human (Homo sapiens)
gt_hum_601	Fucosyltransferase 4	Glycosphingolipid	Lacto(L)	Fuc(a3)GlcNAc	Human (Homo sapiens)
gt_hum_601	Fucosyltransferase 4	Glycosphingolipid	Neolacto(NL)[Type 2]	Fuc(a3)GlcNAc	Human (Homo sapiens)
gt_hum_602	Fucosyltransferase 5	Glycosphingolipid	Isoglobo	Fuc(a3)GlcNAc	Human (Homo sapiens)
gt_hum_602	Fucosyltransferase 5	Glycosphingolipid	Glucosylceramide-bas	Fuc(a3)GlcNAc	Human (Homo sapiens)
gt_hum_602	Fucosyltransferase 5	Glycosphingolipid	Neolacto(NL)[Type 2]	Fuc(a3)GlcNAc	Human (Homo sapiens)
gt_hum_602	Fucosyltransferase 5	Glycosphingolipid	Ganglio	Fuc(a3)GlcNAc	Human (Homo sapiens)
gt_hum_602	Fucosyltransferase 5	Glycosphingolipid	Lacto(L)	Fuc(a3)GlcNAc	Human (Homo sapiens)
gt_hum_602	Fucosyltransferase 5	Glycosphingolipid	Globo	Fuc(a3)GlcNAc	Human (Homo sapiens)
gt_hum_602	Fucosyltransferase 5	Glycosphingolipid	Neolacto(NL)[Type 2]	Fuc(a3)GlcNAc	Human (Homo sapiens)
gt_hum_602	Fucosyltransferase 5	Extension	Type 2	Fuc(a3)GlcNAc	Human (Homo sapiens)
gt_hum_602	Fucosyltransferase 5	Extension	LacDiNAc	Fuc(a3)GlcNAc	Human (Homo sapiens)
gt_hum_603	Fucosyltransferase 6	Glycosphingolipid	Neolacto(NL)[Type 2]	Fuc(a3)GlcNAc	Human (Homo sapiens)
gt_hum_603	Fucosyltransferase 6	Glycosphingolipid	Ganglio	Fuc(a3)GlcNAc	Human (Homo sapiens)
gt_hum_603	Fucosyltransferase 6	Extension	Type 2	Fuc(a3)GlcNAc	Human (Homo sapiens)
gt_hum_603	Fucosyltransferase 6	Glycosphingolipid	Globo	Fuc(a3)GlcNAc	Human (Homo sapiens)
gt_hum_603	Fucosyltransferase 6	Glycosphingolipid	Glucosylceramide-bas	Fuc(a3)GlcNAc	Human (Homo sapiens)
gt_hum_603	Fucosyltransferase 6	Glycosphingolipid	Lacto(L)	Fuc(a3)GlcNAc	Human (Homo sapiens)
gt_hum_603	Fucosyltransferase 6	Glycosphingolipid	Isoglobo	Fuc(a3)GlcNAc	Human (Homo sapiens)
gt_hum_603	Fucosyltransferase 6	Extension	LacDiNAc	Fuc(a3)GlcNAc	Human (Homo sapiens)
gt_hum_603	Fucosyltransferase 6	Glycosphingolipid	Neolacto(NL)[Type 2]	Fuc(a3)GlcNAc	Human (Homo sapiens)
gt_hum_604	Fucosyltransferase 7	Glycosphingolipid	Isoglobo	Fuc(a3)GlcNAc	Human (Homo sapiens)
gt_hum_604	Fucosyltransferase 7	Glycosphingolipid	Neolacto(NL)[Type 2]	Fuc(a3)GlcNAc	Human (Homo sapiens)
gt_hum_604	Fucosyltransferase 7	Glycosphingolipid	Neolacto(NL)[Type 2]	Fuc(a3)GlcNAc	Human (Homo sapiens)
gt_hum_604	Fucosyltransferase 7	Glycosphingolipid	Glucosylceramide-bas	Fuc(a3)GlcNAc	Human (Homo sapiens)
gt_hum_604	Fucosyltransferase 7	Extension	LacDiNAc	Fuc(a3)GlcNAc	Human (Homo sapiens)
gt_hum_604	Fucosyltransferase 7	Glycosphingolipid	Globo	Fuc(a3)GlcNAc	Human (Homo sapiens)
gt_hum_604	Fucosyltransferase 7	Glycosphingolipid	Lacto(L)	Fuc(a3)GlcNAc	Human (Homo sapiens)
gt_hum_604	Fucosyltransferase 7	Glycosphingolipid	Ganglio	Fuc(a3)GlcNAc	Human (Homo sapiens)
gt_hum_604	Fucosyltransferase 7	Extension	Type 2	Fuc(a3)GlcNAc	Human (Homo sapiens)
gt_hum_605	Fucosyltransferase 8	N-linked	Complex	Fuc(a6)GlcNAc	Human (Homo sapiens)
gt_hum_605	Fucosyltransferase 8	N-linked	Hybrid	Fuc(a6)GlcNAc	Human (Homo sapiens)
gt_hum_606	Fucosyltransferase 9	Extension	LacDiNAc	Fuc(a3)GlcNAc	Human (Homo sapiens)
gt_hum_606	Fucosyltransferase 9	Glycosphingolipid	Ganglio	Fuc(a3)GlcNAc	Human (Homo sapiens)
gt_hum_606	Fucosyltransferase 9	Glycosphingolipid	Isoglobo	Fuc(a3)GlcNAc	Human (Homo sapiens)
gt_hum_606	Fucosyltransferase 9	Glycosphingolipid	Neolacto(NL)[Type 2]	Fuc(a3)GlcNAc	Human (Homo sapiens)
gt_hum_606	Fucosyltransferase 9	Extension	Type 2	Fuc(a3)GlcNAc	Human (Homo sapiens)
gt_hum_606	Fucosyltransferase 9	Glycosphingolipid	Glucosylceramide-bas	Fuc(a3)GlcNAc	Human (Homo sapiens)
gt_hum_606	Fucosyltransferase 9	Glycosphingolipid	Lacto(L)	Fuc(a3)GlcNAc	Human (Homo sapiens)
gt_hum_606	Fucosyltransferase 9	Glycosphingolipid	Globo	Fuc(a3)GlcNAc	Human (Homo sapiens)
gt_hum_606	Fucosyltransferase 9	Glycosphingolipid	Neolacto(NL)[Type 2]	Fuc(a3)GlcNAc	Human (Homo sapiens)
gt_hum_622	ST3Gal I	Glycosphingolipid	Isoglobo	NeuAc(a3)Gal	Human (Homo sapiens)
gt_hum_622	ST3Gal I	Glycosphingolipid	Neolacto(NL)[Type 2]	NeuAc(a3)Gal	Human (Homo sapiens)
gt_hum_622	ST3Gal I	Glycosphingolipid	Ganglio	NeuAc(a3)Gal	Human (Homo sapiens)
gt_hum_622	ST3Gal I	Glycosphingolipid	Globo	NeuAc(a3)Gal	Human (Homo sapiens)
gt_hum_622	ST3Gal I	O-Linked	Core 1/ Core 2	NeuAc(a3)Gal	Human (Homo sapiens)
gt_hum_623	ST3Gal II	Glycosphingolipid	Isoglobo	NeuAc(a3)Gal	Human (Homo sapiens)
gt_hum_623	ST3Gal II	Glycosphingolipid	Globo	NeuAc(a3)Gal	Human (Homo sapiens)
gt_hum_623	ST3Gal II	Glycosphingolipid	Neolacto(NL)[Type 2]	NeuAc(a3)Gal	Human (Homo sapiens)
gt_hum_623	ST3Gal II	Glycosphingolipid	Ganglio	NeuAc(a3)Gal	Human (Homo sapiens)
gt_hum_623	ST3Gal II	O-Linked	Core 1/ Core 2	NeuAc(a3)Gal	Human (Homo sapiens)
gt_hum_624	ST3Gal III	Extension	Type 2	NeuAc(a3)Gal	Human (Homo sapiens)
gt_hum_624	ST3Gal III	Glycosphingolipid	Lacto(L)	NeuAc(a3)Gal	Human (Homo sapiens)
gt_hum_624	ST3Gal III	Extension	Type 1	NeuAc(a3)Gal	Human (Homo sapiens)
gt_hum_625	ST3Gal IV	Glycosphingolipid	Isoglobo	NeuAc(a3)Gal	Human (Homo sapiens)
gt_hum_625	ST3Gal IV	Glycosphingolipid	Neolacto(NL)[Type 2]	NeuAc(a3)Gal	Human (Homo sapiens)
gt_hum_625	ST3Gal IV	Glycosphingolipid	Neolacto(NL)[Type 2]	NeuAc(a3)Gal	Human (Homo sapiens)
gt_hum_625	ST3Gal IV	Extension	Type 2	NeuAc(a3)Gal	Human (Homo sapiens)
gt_hum_626	ST3Gal V	Glycosphingolipid	Glucosylceramide-bas	NeuAc(a3)Gal	Human (Homo sapiens)
gt_hum_627	ST3Gal VI	Glycosphingolipid	Neolacto(NL)[Type 2]	NeuAc(a3)Gal	Human (Homo sapiens)
gt_hum_627	ST3Gal VI	Extension	Type 2	NeuAc(a3)Gal	Human (Homo sapiens)
gt_hum_627	ST3Gal VI	Glycosphingolipid	Neolacto(NL)[Type 2]	NeuAc(a3)Gal	Human (Homo sapiens)
gt_hum_627	ST3Gal VI	Glycosphingolipid	Isoglobo	NeuAc(a3)Gal	Human (Homo sapiens)
gt_hum_628	ST6Gal I	Glycosphingolipid	Neolacto(NL)[Type 2]	NeuAc(a6)Gal	Human (Homo sapiens)
gt_hum_628	ST6Gal I	Extension	LacDiNAc	NeuAc(a6)GalNAc	Human (Homo sapiens)
gt_hum_628	ST6Gal I	Extension	Type 2	NeuAc(a6)Gal	Human (Homo sapiens)
gt_hum_629	ST6Gal II	Extension	LacDiNAc	NeuAc(a6)GalNAc	Human (Homo sapiens)
gt_hum_629	ST6Gal II	Extension	Type 2	NeuAc(a6)Gal	Human (Homo sapiens)
gt_hum_629	ST6Gal II	Glycosphingolipid	Neolacto(NL)[Type 2]	NeuAc(a6)Gal	Human (Homo sapiens)
gt_hum_630	ST6GalNAc I	O-Linked	Core 1/ Core 2	NeuAc(a6)GalNAc	Human (Homo sapiens)
gt_hum_631	ST6GalNAc II	O-Linked	Core 1/ Core 2	NeuAc(a6)GalNAc	Human (Homo sapiens)
gt_hum_632	ST6GalNAc III	Glycosphingolipid	Ganglio	NeuAc(a6)GalNAc	Human (Homo sapiens)
gt_hum_632	ST6GalNAc III	Glycosphingolipid	Globo	NeuAc(a6)GalNAc	Human (Homo sapiens)
gt_hum_633	ST6GalNAc IV	O-Linked	Core 1/ Core 2	NeuAc(a6)GalNAc	Human (Homo sapiens)
gt_hum_633	ST6GalNAc IV	Glycosphingolipid	Ganglio	NeuAc(a6)GalNAc	Human (Homo sapiens)
gt_hum_633	ST6GalNAc IV	Glycosphingolipid	Globo	NeuAc(a6)GalNAc	Human (Homo sapiens)
gt_hum_634	ST6GalNAc V	Glycosphingolipid	Ganglio	NeuAc(a6)GalNAc	Human (Homo sapiens)
gt_hum_634	ST6GalNAc V	Glycosphingolipid	Globo	NeuAc(a6)GalNAc	Human (Homo sapiens)
gt_hum_635	ST6GalNAc VI	Extension	Type 2	NeuAc(a6)GlcNAc	Human (Homo sapiens)
gt_hum_635	ST6GalNAc VI	Glycosphingolipid	Globo	NeuAc(a6)GalNAc	Human (Homo sapiens)
gt_hum_635	ST6GalNAc VI	Glycosphingolipid	Lacto(L)	NeuAc(a6)GlcNAc	Human (Homo sapiens)
gt_hum_635	ST6GalNAc VI	Extension	Type 1	NeuAc(a6)GlcNAc	Human (Homo sapiens)
gt_hum_635	ST6GalNAc VI	Glycosphingolipid	Ganglio	NeuAc(a6)GalNAc	Human (Homo sapiens)
gt_hum_636	ST8Sia I	Glycosphingolipid	Glucosylceramide-bas	NeuAc(a8)NeuAc	Human (Homo sapiens)
gt_hum_637	ST8Sia II	Glycosphingolipid	Neolacto(NL)[Type 2]	NeuAc(a8)NeuAc	Human (Homo sapiens)
gt_hum_637	ST8Sia II	Extension	Type 2	NeuAc(a8)NeuAc	Human (Homo sapiens)
gt_hum_637	ST8Sia II	Glycosphingolipid	Neolacto(NL)[Type 2]	NeuAc(a8)NeuAc	Human (Homo sapiens)
gt_hum_638	ST8Sia III	Glycosphingolipid	Neolacto(NL)[Type 2]	NeuAc(a8)NeuAc	Human (Homo sapiens)
gt_hum_638	ST8Sia III	Glycosphingolipid	Neolacto(NL)[Type 2]	NeuAc(a8)NeuAc	Human (Homo sapiens)
gt_hum_638	ST8Sia III	Glycosphingolipid	Lacto(L)	NeuAc(a8)NeuAc	Human (Homo sapiens)
gt_hum_638	ST8Sia III	Extension	Type 2	NeuAc(a8)NeuAc	Human (Homo sapiens)
gt_hum_639	ST8Sia IV	Extension	Type 2	NeuAc(a8)NeuAc	Human (Homo sapiens)
gt_hum_639	ST8Sia IV	Glycosphingolipid	Neolacto(NL)[Type 2]	NeuAc(a8)NeuAc	Human (Homo sapiens)
gt_hum_639	ST8Sia IV	Glycosphingolipid	Neolacto(NL)[Type 2]	NeuAc(a8)NeuAc	Human (Homo sapiens)
gt_hum_640	ST8Sia V	Glycosphingolipid	Globo	NeuAc(a8)NeuAc	Human (Homo sapiens)
gt_hum_640	ST8Sia V	Glycosphingolipid	Glucosylceramide-bas	NeuAc(a8)NeuAc	Human (Homo sapiens)
gt_hum_640	ST8Sia V	Glycosphingolipid	Ganglio	NeuAc(a8)NeuAc	Human (Homo sapiens)
gt_hum_641	ST8Sia VI	O-Linked	Core 1/ Core 2	NeuAc(a8)NeuAc	Human (Homo sapiens)
